query,success,status_code,client_latency_ms,server_latency_ms,num_results,error
как подтвердить ишемическую болезнь сердца у пациента со стенокардией и факторами сердечно-сосудистого риска,True,200,9231.3,9224.39,5,
"пациент жалуется на одышку при нагрузке, ночную одышку, утомляемость и отеки лодыжек — про симптомы сердечной недостаточности нужен",True,200,9065.8,9062.64,5,
"сильное давление за грудиной в покое с иррадиацией в левую руку, тошнотой и потливостью, не проходит после нитроглицерина",True,200,8998.67,8995.02,5,
какие этапы обследования нужны при подозрении на легочную гипертензию и как определить клиническую группу,True,200,8683.56,8680.09,5,
"у пациента редкий пульс, слабость, головокружения и обмороки — найти фрагменты про проявления брадиаритмии",True,200,9502.63,9498.81,5,
какой критерий толщины стенки левого желудочка используется для диагностики гипертрофической кардиомиопатии,True,200,8406.07,8403.11,5,
как описать симптомы и риск инсульта у пациента с фибрилляцией предсердий по схеме 4S-AF,True,200,8548.96,8546.1,5,
"лихорадка, ознобы, новый шум регургитации и признаки эмболий — описывает клиническую картину инфекционного эндокардита",True,200,9338.86,9334.96,5,
"у пациента повышенное давление без жалоб, но есть утренние головные боли, храп и дневная сонливость — что искать по артериальной гипертензии",True,200,8724.55,8721.5,5,
как установить диагноз тромбофлебита поверхностных вен при воспалении по ходу подкожной вены,True,200,8516.24,8513.48,5,
"острая боль в груди усиливается на вдохе и при кашле, уменьшается в положении лежа на животе — про перикардит",True,200,8884.23,8881.24,5,
какую диету рекомендуют для профилактики сердечно-сосудистых заболеваний при дислипидемии,True,200,9182.6,9179.58,5,
"женщина с цервицитом и слизисто-гнойными выделениями, нужно найти клинические признаки хламидийной инфекции нижних мочеполовых путей",True,200,9561.4,9557.7,5,
красно-коричневые пятна в паховых складках и кораллово-красное свечение в лампе Вуда,True,200,9153.43,9150.34,5,
"интенсивно зудящие сгруппированные пузырьки и папулы на локтях, коленях и ягодицах с хроническими рецидивами",True,200,9369.07,9366.07,5,
как диагностировать аллергический контактный дерматит после повторного контакта с косметикой или металлом,True,200,8852.6,8850.01,5,
у ребенка на лице и веках безболезненные плотные узелки с пупковидным вдавлением в центре,True,200,8908.81,8904.13,5,
"эритема, гиперкератоз и атрофия на коже лица и волосистой части головы, чешуйки отделяются болезненно",True,200,9001.72,8998.78,5,
ярко-розовые бляшки с серебристо-белыми чешуйками и феноменом Кебнера — найти протокол по псориазу,True,200,9239.41,9236.81,5,
"серо-желтые пенистые выделения с неприятным запахом, зуд и жжение при мочеиспускании у женщины",True,200,9119.44,9116.66,5,
"острая мокнущая сыпь с микровезикулами, серозными корками, зудом и жжением",True,200,9059.87,9056.84,5,
"ежедневные волдыри больше шести недель, нужно отличить хроническую крапивницу от острой",True,200,8504.99,8502.07,5,
как диагностировать СПКЯ у женщины с гиперандрогенией и нарушением овуляции,True,200,7653.36,7650.42,5,
"острое начало диабета у подростка с быстрым развитием метаболических нарушений, риск кетоацидоза",True,200,10108.99,10105.09,5,
какие пациенты чаще имеют сахарный диабет 2 типа и почему он может долго протекать бессимптомно,True,200,8211.08,8208.39,5,
какие измерения нужны для диагностики ожирения и оценки степени избытка массы тела,True,200,8587.99,8585.17,5,
почему гипотиреоз трудно распознать по жалобам и какие проблемы есть в клинической диагностике,True,200,8389.53,8386.6,5,
нейроэндокринная опухоль может маскироваться под другие болезни из-за разных гормональных синдромов,True,200,9739.34,9735.7,5,
тиреоидит с временным тиреотоксикозом после деструкции ткани щитовидной железы,True,200,8590.83,8587.82,5,
"камни в почках, остеопороз и высокий кальций крови — найти проявления первичного гиперпаратиреоза",True,200,8640.1,8637.06,5,
рвота с кровью после многократной рвоты или сильного кашля — какой синдром искать в протоколах,True,200,8203.77,8200.89,5,
"длительная диарея больше шести недель без крови, боль в животе, лихорадка и анемия — признаки болезни Крона",True,200,8767.53,8764.49,5,
"алая кровь после дефекации, выпадение узлов и зуд в области ануса — симптомы хронического геморроя",True,200,8717.9,8714.87,5,
"периодическая боль слева внизу живота, запоры и вздутие у пациента с дивертикулярной болезнью",True,200,7865.55,7862.57,5,
ночная диарея с кровью в стуле и тенезмами — описывает язвенный колит,True,200,8284.0,8281.12,5,
"какой препарат первой линии можно назначить при запоре, если диета и псиллиум не помогли",True,200,8729.02,8726.01,5,
боль в эпигастрии после еды или натощак с иррадиацией в спину — найти клиническую картину язвенной болезни,True,200,8643.52,8640.56,5,
"опоясывающая боль, неукротимая рвота и повышение амилазы или липазы — критерии диагностики острого панкреатита",True,200,8266.27,8263.21,5,
"двусторонняя сжимающая головная боль как обруч, не усиливается от обычной нагрузки",True,200,7581.37,7578.33,5,
"хроническая мышечная слабость с обострениями и ремиссиями, подозрение на миастению",True,200,7952.86,7950.32,5,
"онемение ульнарной зоны кисти, слабость мышц и боль в локте — признаки невропатии локтевого нерва",True,200,7960.18,7957.11,5,
"односторонняя пульсирующая головная боль в виске с тошнотой, фотофобией и повторяющимися приступами",True,200,8789.57,8786.69,5,
какие данные КТ или МРТ подтверждают диагноз геморрагического инсульта при остром очаговом дефиците,True,200,8638.7,8635.65,5,
первые проявления болезни Паркинсона у пациента после 50 лет и особенности раннего начала,True,200,8262.42,8259.45,5,
"простреливающая боль в пояснице и ноге после подъема тяжести, усиливается при кашле и наклоне",True,200,8522.58,8518.62,5,
"бледность, слабость, шум в ушах, ломкие ногти и извращение вкуса — про железодефицитную анемию",True,200,8965.88,8962.88,5,
"слабость, одышка, глоссит, диспепсия и легкая желтушность при подозрении на фолиеводефицитную анемию",True,200,8634.44,8631.62,5,
"острый кашель с мокротой, одышка, боль в груди при дыхании и лихорадка — найти клинику внебольничной пневмонии",True,200,10531.46,10525.77,5,
"боль в пояснице, температура, озноб, тошнота и дизурия — симптомы острого пиелонефрита",True,200,9401.72,9396.2,5,
"острый приступ сильной боли, покраснение и припухлость сустава, затем период без жалоб — признаки подагры",True,200,9267.19,9263.59,5,
